Workbook

Sheet Заавар
A1: Нууц товчоо — 65 сурагчийн ахицын бүртгэл
A3: Шар өнгөтэй нүдэнд л бичнэ. Бусад нүд томъёогоор автоматаар бодогдоно.
A5: 1. «Сурагчид» хуудас: нэр, анги, 1-р долоо хоногийн тестийн дүн (хурд, 1–5, 6–10-р асуултын оноо, чанга уншлагын ЗУҮ).
A6: → Түвшин (А 0–4, В 5–7, С 8–10), эрэмбэ, санал болгох бүлэг (1–13) автоматаар гарна.
A7: → Оноо 4 эсвэл 7 гарсан хүүхдийн түвшинг хурдыг нь харж «Түвшин (багш)» баганад гараар өөрчилж болно.
A8: → Бүлгийг өөрчлөх бол «Бүлэг (багш)» баганад бичнэ. Хоосон бол санал болгосон бүлэг хэвээр.
A9: → 18 ба 36-р долоо хоногийн тестийн дүнг баруун талын баганад бичнэ. Өсөлт автоматаар бодогдоно.
A10: 2. «Долоо хоног» хуудас: Баасан гарагийн 5 асуулттай шалгалтын оноог (0–5) бичнэ. Нэрс «Сурагчид»-аас автоматаар орно.
A11: 18-р долоо хоногийн Баасан бол хагас жилийн тест тул тэр баганыг тусад нь гаргаагүй.
A12: 3. «Бүлгүүд» хуудас: 13 бүлэг тус бүрийн хүүхдийн тоо, А/В/С тоо, анги бүрийн тоо, санал болгох ахлагч, дундаж оноо.
A13: 4. «Ахиц» хуудас: эхлэл, хагас жил, эцсийн дүнгийн харьцуулалт ба долоо хоног бүрийн дундаж онооны график.
A15: Хурд = 1 минутад чимээгүй уншсан үг. ЗУҮ = 1 минутад чангаар зөв уншсан үг (зөвхөн сонгосон хүүхдүүд).
A17: Жишээ мөр (бичих хэлбэр):
A18: № | B18: Нэр | C18: Анги | D18: Хурд | E18: 1–5 | F18: 6–10 | G18: ЗУҮ
A19: 1 | B19: Бат-Эрдэнэ | C19: 7 | D19: 142 | E19: 4 | F19: 3
A20: (ЗУҮ-г зөвхөн чангаар уншуулсан хүүхдэд бичнэ.)

Sheet Сурагчид
A1: Сурагчдын бүртгэл ба түвшин
D2: Эхлэлийн үнэлгээ (1-р долоо хоног) | Q2: Хагас жил (18-р долоо хоног) | W2: Эцэс (36-р долоо хоног) | AC2: Өсөлт
A3: № | B3: Нэр | C3: Анги | D3: Хурд (үг/мин) | E3: 1–5 | F3: 6–10 | G3: Нийт /10 | H3: ЗУҮ | I3: Түвшин (авто) | J3: Түвшин (багш) | K3: Түвшин | L3: Эрэмбэ | M3: Санал бүлэг | N3: Бүлэг (багш) | O3: Бүлэг | P3: Эрэмбийн түлхүүр | Q3: Хурд | R3: 1–5 | S3: 6–10 | T3: Нийт /10 | U3: ЗУҮ | V3: Түвшин | W3: Хурд | X3: 1–5 | Y3: 6–10 | Z3: Нийт /10 | AA3: ЗУҮ | AB3: Түвшин | AC3: Оноо (эцэс−эхлэл) | AD3: Хурд (эцэс−эхлэл)
A4: 1 | G4: =IF(OR(E4="",F4=""),"",E4+F4) | I4: =IF(G4="","",IF(G4<=4,"А",IF(G4<=7,"В","С"))) | K4: =IF(J4<>"",J4,I4) | L4: =IF(P4="","",COUNTIF($P$4:$P$73,">"&P4)+COUNTIF($P$4:P4,P4)) | M4: =IF(L4="","",IF(L4<=13,L4,IF(MOD(INT((L4-14)/13),2)=0,13-MOD(L4-14,13),MOD(L4-14,13)+1))) | O4: =IF(N4<>"",N4,M4) | P4: =IF(G4="","",G4*1000+N(D4)) | T4: =IF(OR(R4="",S4=""),"",R4+S4) | V4: =IF(T4="","",IF(T4<=4,"А",IF(T4<=7,"В","С"))) | Z4: =IF(OR(X4="",Y4=""),"",X4+Y4) | AB4: =IF(Z4="","",IF(Z4<=4,"А",IF(Z4<=7,"В","С"))) | AC4: =IF(OR(Z4="",G4=""),"",Z4-G4) | AD4: =IF(OR(W4="",D4=""),"",W4-D4)
A5: 2 | G5: =IF(OR(E5="",F5=""),"",E5+F5) | I5: =IF(G5="","",IF(G5<=4,"А",IF(G5<=7,"В","С"))) | K5: =IF(J5<>"",J5,I5) | L5: =IF(P5="","",COUNTIF($P$4:$P$73,">"&P5)+COUNTIF($P$4:P5,P5)) | M5: =IF(L5="","",IF(L5<=13,L5,IF(MOD(INT((L5-14)/13),2)=0,13-MOD(L5-14,13),MOD(L5-14,13)+1))) | O5: =IF(N5<>"",N5,M5) | P5: =IF(G5="","",G5*1000+N(D5)) | T5: =IF(OR(R5="",S5=""),"",R5+S5) | V5: =IF(T5="","",IF(T5<=4,"А",IF(T5<=7,"В","С"))) | Z5: =IF(OR(X5="",Y5=""),"",X5+Y5) | AB5: =IF(Z5="","",IF(Z5<=4,"А",IF(Z5<=7,"В","С"))) | AC5: =IF(OR(Z5="",G5=""),"",Z5-G5) | AD5: =IF(OR(W5="",D5=""),"",W5-D5)
A6: 3 | G6: =IF(OR(E6="",F6=""),"",E6+F6) | I6: =IF(G6="","",IF(G6<=4,"А",IF(G6<=7,"В","С"))) | K6: =IF(J6<>"",J6,I6) | L6: =IF(P6="","",COUNTIF($P$4:$P$73,">"&P6)+COUNTIF($P$4:P6,P6)) | M6: =IF(L6="","",IF(L6<=13,L6,IF(MOD(INT((L6-14)/13),2)=0,13-MOD(L6-14,13),MOD(L6-14,13)+1))) | O6: =IF(N6<>"",N6,M6) | P6: =IF(G6="","",G6*1000+N(D6)) | T6: =IF(OR(R6="",S6=""),"",R6+S6) | V6: =IF(T6="","",IF(T6<=4,"А",IF(T6<=7,"В","С"))) | Z6: =IF(OR(X6="",Y6=""),"",X6+Y6) | AB6: =IF(Z6="","",IF(Z6<=4,"А",IF(Z6<=7,"В","С"))) | AC6: =IF(OR(Z6="",G6=""),"",Z6-G6) | AD6: =IF(OR(W6="",D6=""),"",W6-D6)
A7: 4 | G7: =IF(OR(E7="",F7=""),"",E7+F7) | I7: =IF(G7="","",IF(G7<=4,"А",IF(G7<=7,"В","С"))) | K7: =IF(J7<>"",J7,I7) | L7: =IF(P7="","",COUNTIF($P$4:$P$73,">"&P7)+COUNTIF($P$4:P7,P7)) | M7: =IF(L7="","",IF(L7<=13,L7,IF(MOD(INT((L7-14)/13),2)=0,13-MOD(L7-14,13),MOD(L7-14,13)+1))) | O7: =IF(N7<>"",N7,M7) | P7: =IF(G7="","",G7*1000+N(D7)) | T7: =IF(OR(R7="",S7=""),"",R7+S7) | V7: =IF(T7="","",IF(T7<=4,"А",IF(T7<=7,"В","С"))) | Z7: =IF(OR(X7="",Y7=""),"",X7+Y7) | AB7: =IF(Z7="","",IF(Z7<=4,"А",IF(Z7<=7,"В","С"))) | AC7: =IF(OR(Z7="",G7=""),"",Z7-G7) | AD7: =IF(OR(W7="",D7=""),"",W7-D7)
A8: 5 | G8: =IF(OR(E8="",F8=""),"",E8+F8) | I8: =IF(G8="","",IF(G8<=4,"А",IF(G8<=7,"В","С"))) | K8: =IF(J8<>"",J8,I8) | L8: =IF(P8="","",COUNTIF($P$4:$P$73,">"&P8)+COUNTIF($P$4:P8,P8)) | M8: =IF(L8="","",IF(L8<=13,L8,IF(MOD(INT((L8-14)/13),2)=0,13-MOD(L8-14,13),MOD(L8-14,13)+1))) | O8: =IF(N8<>"",N8,M8) | P8: =IF(G8="","",G8*1000+N(D8)) | T8: =IF(OR(R8="",S8=""),"",R8+S8) | V8: =IF(T8="","",IF(T8<=4,"А",IF(T8<=7,"В","С"))) | Z8: =IF(OR(X8="",Y8=""),"",X8+Y8) | AB8: =IF(Z8="","",IF(Z8<=4,"А",IF(Z8<=7,"В","С"))) | AC8: =IF(OR(Z8="",G8=""),"",Z8-G8) | AD8: =IF(OR(W8="",D8=""),"",W8-D8)
A9: 6 | G9: =IF(OR(E9="",F9=""),"",E9+F9) | I9: =IF(G9="","",IF(G9<=4,"А",IF(G9<=7,"В","С"))) | K9: =IF(J9<>"",J9,I9) | L9: =IF(P9="","",COUNTIF($P$4:$P$73,">"&P9)+COUNTIF($P$4:P9,P9)) | M9: =IF(L9="","",IF(L9<=13,L9,IF(MOD(INT((L9-14)/13),2)=0,13-MOD(L9-14,13),MOD(L9-14,13)+1))) | O9: =IF(N9<>"",N9,M9) | P9: =IF(G9="","",G9*1000+N(D9)) | T9: =IF(OR(R9="",S9=""),"",R9+S9) | V9: =IF(T9="","",IF(T9<=4,"А",IF(T9<=7,"В","С"))) | Z9: =IF(OR(X9="",Y9=""),"",X9+Y9) | AB9: =IF(Z9="","",IF(Z9<=4,"А",IF(Z9<=7,"В","С"))) | AC9: =IF(OR(Z9="",G9=""),"",Z9-G9) | AD9: =IF(OR(W9="",D9=""),"",W9-D9)
A10: 7 | G10: =IF(OR(E10="",F10=""),"",E10+F10) | I10: =IF(G10="","",IF(G10<=4,"А",IF(G10<=7,"В","С"))) | K10: =IF(J10<>"",J10,I10) | L10: =IF(P10="","",COUNTIF($P$4:$P$73,">"&P10)+COUNTIF($P$4:P10,P10)) | M10: =IF(L10="","",IF(L10<=13,L10,IF(MOD(INT((L10-14)/13),2)=0,13-MOD(L10-14,13),MOD(L10-14,13)+1))) | O10: =IF(N10<>"",N10,M10) | P10: =IF(G10="","",G10*1000+N(D10)) | T10: =IF(OR(R10="",S10=""),"",R10+S10) | V10: =IF(T10="","",IF(T10<=4,"А",IF(T10<=7,"В","С"))) | Z10: =IF(OR(X10="",Y10=""),"",X10+Y10) | AB10: =IF(Z10="","",IF(Z10<=4,"А",IF(Z10<=7,"В","С"))) | AC10: =IF(OR(Z10="",G10=""),"",Z10-G10) | AD10: =IF(OR(W10="",D10=""),"",W10-D10)
A11: 8 | G11: =IF(OR(E11="",F11=""),"",E11+F11) | I11: =IF(G11="","",IF(G11<=4,"А",IF(G11<=7,"В","С"))) | K11: =IF(J11<>"",J11,I11) | L11: =IF(P11="","",COUNTIF($P$4:$P$73,">"&P11)+COUNTIF($P$4:P11,P11)) | M11: =IF(L11="","",IF(L11<=13,L11,IF(MOD(INT((L11-14)/13),2)=0,13-MOD(L11-14,13),MOD(L11-14,13)+1))) | O11: =IF(N11<>"",N11,M11) | P11: =IF(G11="","",G11*1000+N(D11)) | T11: =IF(OR(R11="",S11=""),"",R11+S11) | V11: =IF(T11="","",IF(T11<=4,"А",IF(T11<=7,"В","С"))) | Z11: =IF(OR(X11="",Y11=""),"",X11+Y11) | AB11: =IF(Z11="","",IF(Z11<=4,"А",IF(Z11<=7,"В","С"))) | AC11: =IF(OR(Z11="",G11=""),"",Z11-G11) | AD11: =IF(OR(W11="",D11=""),"",W11-D11)
A12: 9 | G12: =IF(OR(E12="",F12=""),"",E12+F12) | I12: =IF(G12="","",IF(G12<=4,"А",IF(G12<=7,"В","С"))) | K12: =IF(J12<>"",J12,I12) | L12: =IF(P12="","",COUNTIF($P$4:$P$73,">"&P12)+COUNTIF($P$4:P12,P12)) | M12: =IF(L12="","",IF(L12<=13,L12,IF(MOD(INT((L12-14)/13),2)=0,13-MOD(L12-14,13),MOD(L12-14,13)+1))) | O12: =IF(N12<>"",N12,M12) | P12: =IF(G12="","",G12*1000+N(D12)) | T12: =IF(OR(R12="",S12=""),"",R12+S12) | V12: =IF(T12="","",IF(T12<=4,"А",IF(T12<=7,"В","С"))) | Z12: =IF(OR(X12="",Y12=""),"",X12+Y12) | AB12: =IF(Z12="","",IF(Z12<=4,"А",IF(Z12<=7,"В","С"))) | AC12: =IF(OR(Z12="",G12=""),"",Z12-G12) | AD12: =IF(OR(W12="",D12=""),"",W12-D12)
A13: 10 | G13: =IF(OR(E13="",F13=""),"",E13+F13) | I13: =IF(G13="","",IF(G13<=4,"А",IF(G13<=7,"В","С"))) | K13: =IF(J13<>"",J13,I13) | L13: =IF(P13="","",COUNTIF($P$4:$P$73,">"&P13)+COUNTIF($P$4:P13,P13)) | M13: =IF(L13="","",IF(L13<=13,L13,IF(MOD(INT((L13-14)/13),2)=0,13-MOD(L13-14,13),MOD(L13-14,13)+1))) | O13: =IF(N13<>"",N13,M13) | P13: =IF(G13="","",G13*1000+N(D13)) | T13: =IF(OR(R13="",S13=""),"",R13+S13) | V13: =IF(T13="","",IF(T13<=4,"А",IF(T13<=7,"В","С"))) | Z13: =IF(OR(X13="",Y13=""),"",X13+Y13) | AB13: =IF(Z13="","",IF(Z13<=4,"А",IF(Z13<=7,"В","С"))) | AC13: =IF(OR(Z13="",G13=""),"",Z13-G13) | AD13: =IF(OR(W13="",D13=""),"",W13-D13)
A14: 11 | G14: =IF(OR(E14="",F14=""),"",E14+F14) | I14: =IF(G14="","",IF(G14<=4,"А",IF(G14<=7,"В","С"))) | K14: =IF(J14<>"",J14,I14) | L14: =IF(P14="","",COUNTIF($P$4:$P$73,">"&P14)+COUNTIF($P$4:P14,P14)) | M14: =IF(L14="","",IF(L14<=13,L14,IF(MOD(INT((L14-14)/13),2)=0,13-MOD(L14-14,13),MOD(L14-14,13)+1))) | O14: =IF(N14<>"",N14,M14) | P14: =IF(G14="","",G14*1000+N(D14)) | T14: =IF(OR(R14="",S14=""),"",R14+S14) | V14: =IF(T14="","",IF(T14<=4,"А",IF(T14<=7,"В","С"))) | Z14: =IF(OR(X14="",Y14=""),"",X14+Y14) | AB14: =IF(Z14="","",IF(Z14<=4,"А",IF(Z14<=7,"В","С"))) | AC14: =IF(OR(Z14="",G14=""),"",Z14-G14) | AD14: =IF(OR(W14="",D14=""),"",W14-D14)
A15: 12 | G15: =IF(OR(E15="",F15=""),"",E15+F15) | I15: =IF(G15="","",IF(G15<=4,"А",IF(G15<=7,"В","С"))) | K15: =IF(J15<>"",J15,I15) | L15: =IF(P15="","",COUNTIF($P$4:$P$73,">"&P15)+COUNTIF($P$4:P15,P15)) | M15: =IF(L15="","",IF(L15<=13,L15,IF(MOD(INT((L15-14)/13),2)=0,13-MOD(L15-14,13),MOD(L15-14,13)+1))) | O15: =IF(N15<>"",N15,M15) | P15: =IF(G15="","",G15*1000+N(D15)) | T15: =IF(OR(R15="",S15=""),"",R15+S15) | V15: =IF(T15="","",IF(T15<=4,"А",IF(T15<=7,"В","С"))) | Z15: =IF(OR(X15="",Y15=""),"",X15+Y15) | AB15: =IF(Z15="","",IF(Z15<=4,"А",IF(Z15<=7,"В","С"))) | AC15: =IF(OR(Z15="",G15=""),"",Z15-G15) | AD15: =IF(OR(W15="",D15=""),"",W15-D15)
... A73: 70 | G73: =IF(OR(E73="",F73=""),"",E73+F73) | I73: =IF(G73="","",IF(G73<=4,"А",IF(G73<=7,"В","С"))) | K73: =IF(J73<>"",J73,I73) | L73: =IF(P73="","",COUNTIF($P$4:$P$73,">"&P73)+COUNTIF($P$4:P73,P73)) | M73: =IF(L73="","",IF(L73<=13,L73,IF(MOD(INT((L73-14)/13),2)=0,13-MOD(L73-14,13),MOD(L73-14,13)+1))) | O73: =IF(N73<>"",N73,M73) | P73: =IF(G73="","",G73*1000+N(D73)) | T73: =IF(OR(R73="",S73=""),"",R73+S73) | V73: =IF(T73="","",IF(T73<=4,"А",IF(T73<=7,"В","С"))) | Z73: =IF(OR(X73="",Y73=""),"",X73+Y73) | AB73: =IF(Z73="","",IF(Z73<=4,"А",IF(Z73<=7,"В","С"))) | AC73: =IF(OR(Z73="",G73=""),"",Z73-G73) | AD73: =IF(OR(W73="",D73=""),"",W73-D73)

Sheet Долоо хоног
A1: Баасан гарагийн шалгалтын оноо (0–5)
B2: (графикт ашиглах долоо хоногийн дугаар) | E2: 2 | F2: 3 | G2: 4 | H2: 5 | I2: 6 | J2: 7 | K2: 8 | L2: 9 | M2: 10 | N2: 11 | O2: 12 | P2: 13 | Q2: 14 | R2: 15 | S2: 16 | T2: 17 | U2: 19 | V2: 20 | W2: 21 | X2: 22 | Y2: 23 | Z2: 24 | AA2: 25 | AB2: 26 | AC2: 27 | AD2: 28 | AE2: 29 | AF2: 30 | AG2: 31 | AH2: 32 | AI2: 33 | AJ2: 34 | AK2: 35
A3: № | B3: Нэр | C3: Түвшин | D3: Бүлэг | E3: 2-р 7х | F3: 3-р 7х | G3: 4-р 7х | H3: 5-р 7х | I3: 6-р 7х | J3: 7-р 7х | K3: 8-р 7х | L3: 9-р 7х | M3: 10-р 7х | N3: 11-р 7х | O3: 12-р 7х | P3: 13-р 7х | Q3: 14-р 7х | R3: 15-р 7х | S3: 16-р 7х | T3: 17-р 7х | U3: 19-р 7х | V3: 20-р 7х | W3: 21-р 7х | X3: 22-р 7х | Y3: 23-р 7х | Z3: 24-р 7х | AA3: 25-р 7х | AB3: 26-р 7х | AC3: 27-р 7х | AD3: 28-р 7х | AE3: 29-р 7х | AF3: 30-р 7х | AG3: 31-р 7х | AH3: 32-р 7х | AI3: 33-р 7х | AJ3: 34-р 7х | AK3: 35-р 7х | AL3: Дундаж | AM3: Шалгалт өгсөн
A4: 1 | B4: =IF(Сурагчид!B4="","",Сурагчид!B4) | C4: =Сурагчид!K4 | D4: =Сурагчид!O4 | AL4: =IF(COUNT(E4:AK4)=0,"",AVERAGE(E4:AK4)) | AM4: =COUNT(E4:AK4) -> 0
A5: 2 | B5: =IF(Сурагчид!B5="","",Сурагчид!B5) | C5: =Сурагчид!K5 | D5: =Сурагчид!O5 | AL5: =IF(COUNT(E5:AK5)=0,"",AVERAGE(E5:AK5)) | AM5: =COUNT(E5:AK5) -> 0
A6: 3 | B6: =IF(Сурагчид!B6="","",Сурагчид!B6) | C6: =Сурагчид!K6 | D6: =Сурагчид!O6 | AL6: =IF(COUNT(E6:AK6)=0,"",AVERAGE(E6:AK6)) | AM6: =COUNT(E6:AK6) -> 0
A7: 4 | B7: =IF(Сурагчид!B7="","",Сурагчид!B7) | C7: =Сурагчид!K7 | D7: =Сурагчид!O7 | AL7: =IF(COUNT(E7:AK7)=0,"",AVERAGE(E7:AK7)) | AM7: =COUNT(E7:AK7) -> 0
A8: 5 | B8: =IF(Сурагчид!B8="","",Сурагчид!B8) | C8: =Сурагчид!K8 | D8: =Сурагчид!O8 | AL8: =IF(COUNT(E8:AK8)=0,"",AVERAGE(E8:AK8)) | AM8: =COUNT(E8:AK8) -> 0
A9: 6 | B9: =IF(Сурагчид!B9="","",Сурагчид!B9) | C9: =Сурагчид!K9 | D9: =Сурагчид!O9 | AL9: =IF(COUNT(E9:AK9)=0,"",AVERAGE(E9:AK9)) | AM9: =COUNT(E9:AK9) -> 0
A10: 7 | B10: =IF(Сурагчид!B10="","",Сурагчид!B10) | C10: =Сурагчид!K10 | D10: =Сурагчид!O10 | AL10: =IF(COUNT(E10:AK10)=0,"",AVERAGE(E10:AK10)) | AM10: =COUNT(E10:AK10) -> 0
A11: 8 | B11: =IF(Сурагчид!B11="","",Сурагчид!B11) | C11: =Сурагчид!K11 | D11: =Сурагчид!O11 | AL11: =IF(COUNT(E11:AK11)=0,"",AVERAGE(E11:AK11)) | AM11: =COUNT(E11:AK11) -> 0
A12: 9 | B12: =IF(Сурагчид!B12="","",Сурагчид!B12) | C12: =Сурагчид!K12 | D12: =Сурагчид!O12 | AL12: =IF(COUNT(E12:AK12)=0,"",AVERAGE(E12:AK12)) | AM12: =COUNT(E12:AK12) -> 0
A13: 10 | B13: =IF(Сурагчид!B13="","",Сурагчид!B13) | C13: =Сурагчид!K13 | D13: =Сурагчид!O13 | AL13: =IF(COUNT(E13:AK13)=0,"",AVERAGE(E13:AK13)) | AM13: =COUNT(E13:AK13) -> 0
A14: 11 | B14: =IF(Сурагчид!B14="","",Сурагчид!B14) | C14: =Сурагчид!K14 | D14: =Сурагчид!O14 | AL14: =IF(COUNT(E14:AK14)=0,"",AVERAGE(E14:AK14)) | AM14: =COUNT(E14:AK14) -> 0
A15: 12 | B15: =IF(Сурагчид!B15="","",Сурагчид!B15) | C15: =Сурагчид!K15 | D15: =Сурагчид!O15 | AL15: =IF(COUNT(E15:AK15)=0,"",AVERAGE(E15:AK15)) | AM15: =COUNT(E15:AK15) -> 0
... A73: 70 | B73: =IF(Сурагчид!B73="","",Сурагчид!B73) | C73: =Сурагчид!K73 | D73: =Сурагчид!O73 | AL73: =IF(COUNT(E73:AK73)=0,"",AVERAGE(E73:AK73)) | AM73: =COUNT(E73:AK73) -> 0
B75: Дундаж — бүгд | E75: =IF(COUNT(E4:E73)=0,"",AVERAGE(E4:E73)) | F75: =IF(COUNT(F4:F73)=0,"",AVERAGE(F4:F73)) | G75: =IF(COUNT(G4:G73)=0,"",AVERAGE(G4:G73)) | H75: =IF(COUNT(H4:H73)=0,"",AVERAGE(H4:H73)) | I75: =IF(COUNT(I4:I73)=0,"",AVERAGE(I4:I73)) | J75: =IF(COUNT(J4:J73)=0,"",AVERAGE(J4:J73)) | K75: =IF(COUNT(K4:K73)=0,"",AVERAGE(K4:K73)) | L75: =IF(COUNT(L4:L73)=0,"",AVERAGE(L4:L73)) | ... AL75: =IF(COUNT(AL4:AL73)=0,"",AVERAGE(AL4:AL73))
B76: Дундаж — А | E76: =IF(COUNTIFS($C$4:$C$73,"А",E4:E73,"<>")=0,"",AVERAGEIFS(E4:E73,$C$4:$C$73,"А")) | F76: =IF(COUNTIFS($C$4:$C$73,"А",F4:F73,"<>")=0,"",AVERAGEIFS(F4:F73,$C$4:$C$73,"А")) | G76: =IF(COUNTIFS($C$4:$C$73,"А",G4:G73,"<>")=0,"",AVERAGEIFS(G4:G73,$C$4:$C$73,"А")) | H76: =IF(COUNTIFS($C$4:$C$73,"А",H4:H73,"<>")=0,"",AVERAGEIFS(H4:H73,$C$4:$C$73,"А")) | I76: =IF(COUNTIFS($C$4:$C$73,"А",I4:I73,"<>")=0,"",AVERAGEIFS(I4:I73,$C$4:$C$73,"А")) | J76: =IF(COUNTIFS($C$4:$C$73,"А",J4:J73,"<>")=0,"",AVERAGEIFS(J4:J73,$C$4:$C$73,"А")) | K76: =IF(COUNTIFS($C$4:$C$73,"А",K4:K73,"<>")=0,"",AVERAGEIFS(K4:K73,$C$4:$C$73,"А")) | L76: =IF(COUNTIFS($C$4:$C$73,"А",L4:L73,"<>")=0,"",AVERAGEIFS(L4:L73,$C$4:$C$73,"А")) | ... AL76: =IF(COUNTIFS($C$4:$C$73,"А",AL4:AL73,"<>")=0,"",AVERAGEIFS(AL4:AL73,$C$4:$C$73,"А"))
B77: Дундаж — В | E77: =IF(COUNTIFS($C$4:$C$73,"В",E4:E73,"<>")=0,"",AVERAGEIFS(E4:E73,$C$4:$C$73,"В")) | F77: =IF(COUNTIFS($C$4:$C$73,"В",F4:F73,"<>")=0,"",AVERAGEIFS(F4:F73,$C$4:$C$73,"В")) | G77: =IF(COUNTIFS($C$4:$C$73,"В",G4:G73,"<>")=0,"",AVERAGEIFS(G4:G73,$C$4:$C$73,"В")) | H77: =IF(COUNTIFS($C$4:$C$73,"В",H4:H73,"<>")=0,"",AVERAGEIFS(H4:H73,$C$4:$C$73,"В")) | I77: =IF(COUNTIFS($C$4:$C$73,"В",I4:I73,"<>")=0,"",AVERAGEIFS(I4:I73,$C$4:$C$73,"В")) | J77: =IF(COUNTIFS($C$4:$C$73,"В",J4:J73,"<>")=0,"",AVERAGEIFS(J4:J73,$C$4:$C$73,"В")) | K77: =IF(COUNTIFS($C$4:$C$73,"В",K4:K73,"<>")=0,"",AVERAGEIFS(K4:K73,$C$4:$C$73,"В")) | L77: =IF(COUNTIFS($C$4:$C$73,"В",L4:L73,"<>")=0,"",AVERAGEIFS(L4:L73,$C$4:$C$73,"В")) | ... AL77: =IF(COUNTIFS($C$4:$C$73,"В",AL4:AL73,"<>")=0,"",AVERAGEIFS(AL4:AL73,$C$4:$C$73,"В"))
B78: Дундаж — С | E78: =IF(COUNTIFS($C$4:$C$73,"С",E4:E73,"<>")=0,"",AVERAGEIFS(E4:E73,$C$4:$C$73,"С")) | F78: =IF(COUNTIFS($C$4:$C$73,"С",F4:F73,"<>")=0,"",AVERAGEIFS(F4:F73,$C$4:$C$73,"С")) | G78: =IF(COUNTIFS($C$4:$C$73,"С",G4:G73,"<>")=0,"",AVERAGEIFS(G4:G73,$C$4:$C$73,"С")) | H78: =IF(COUNTIFS($C$4:$C$73,"С",H4:H73,"<>")=0,"",AVERAGEIFS(H4:H73,$C$4:$C$73,"С")) | I78: =IF(COUNTIFS($C$4:$C$73,"С",I4:I73,"<>")=0,"",AVERAGEIFS(I4:I73,$C$4:$C$73,"С")) | J78: =IF(COUNTIFS($C$4:$C$73,"С",J4:J73,"<>")=0,"",AVERAGEIFS(J4:J73,$C$4:$C$73,"С")) | K78: =IF(COUNTIFS($C$4:$C$73,"С",K4:K73,"<>")=0,"",AVERAGEIFS(K4:K73,$C$4:$C$73,"С")) | L78: =IF(COUNTIFS($C$4:$C$73,"С",L4:L73,"<>")=0,"",AVERAGEIFS(L4:L73,$C$4:$C$73,"С")) | ... AL78: =IF(COUNTIFS($C$4:$C$73,"С",AL4:AL73,"<>")=0,"",AVERAGEIFS(AL4:AL73,$C$4:$C$73,"С"))

Sheet Бүлгүүд
A1: 13 бүлгийн бүрэлдэхүүн
A3: Бүлэг | B3: Хүүхдийн тоо | C3: А | D3: В | E3: С | F3: 6-р анги | G3: 7-р анги | H3: 8-р анги | I3: 9-р анги | J3: Санал болгох ахлагч | K3: Долоо хоногийн дундаж
A4: 1 | B4: =COUNTIF(Сурагчид!$O$4:$O$73,A4) -> 0 | C4: =COUNTIFS(Сурагчид!$O$4:$O$73,A4,Сурагчид!$K$4:$K$73,"А") -> 0 | D4: =COUNTIFS(Сурагчид!$O$4:$O$73,A4,Сурагчид!$K$4:$K$73,"В") -> 0 | E4: =COUNTIFS(Сурагчид!$O$4:$O$73,A4,Сурагчид!$K$4:$K$73,"С") -> 0 | F4: =COUNTIFS(Сурагчид!$O$4:$O$73,A4,Сурагчид!$C$4:$C$73,6) -> 0 | G4: =COUNTIFS(Сурагчид!$O$4:$O$73,A4,Сурагчид!$C$4:$C$73,7) -> 0 | H4: =COUNTIFS(Сурагчид!$O$4:$O$73,A4,Сурагчид!$C$4:$C$73,8) -> 0 | I4: =COUNTIFS(Сурагчид!$O$4:$O$73,A4,Сурагчид!$C$4:$C$73,9) -> 0 | J4: =IFERROR(INDEX(Сурагчид!$B$4:$B$73,MATCH(A4,Сурагчид!$L$4:$L$73,0)),"") | K4: =IF(COUNTIFS('Долоо хоног'!$D$4:$D$73,A4,'Долоо хоног'!$AL$4:$AL$73,"<>")=0,"",AVERAGEIF('Долоо хоног'!$D$4:$D$73,A4,'Долоо хоног'!$AL$4:$AL$73))
A5: 2 | B5: =COUNTIF(Сурагчид!$O$4:$O$73,A5) -> 0 | C5: =COUNTIFS(Сурагчид!$O$4:$O$73,A5,Сурагчид!$K$4:$K$73,"А") -> 0 | D5: =COUNTIFS(Сурагчид!$O$4:$O$73,A5,Сурагчид!$K$4:$K$73,"В") -> 0 | E5: =COUNTIFS(Сурагчид!$O$4:$O$73,A5,Сурагчид!$K$4:$K$73,"С") -> 0 | F5: =COUNTIFS(Сурагчид!$O$4:$O$73,A5,Сурагчид!$C$4:$C$73,6) -> 0 | G5: =COUNTIFS(Сурагчид!$O$4:$O$73,A5,Сурагчид!$C$4:$C$73,7) -> 0 | H5: =COUNTIFS(Сурагчид!$O$4:$O$73,A5,Сурагчид!$C$4:$C$73,8) -> 0 | I5: =COUNTIFS(Сурагчид!$O$4:$O$73,A5,Сурагчид!$C$4:$C$73,9) -> 0 | J5: =IFERROR(INDEX(Сурагчид!$B$4:$B$73,MATCH(A5,Сурагчид!$L$4:$L$73,0)),"") | K5: =IF(COUNTIFS('Долоо хоног'!$D$4:$D$73,A5,'Долоо хоног'!$AL$4:$AL$73,"<>")=0,"",AVERAGEIF('Долоо хоног'!$D$4:$D$73,A5,'Долоо хоног'!$AL$4:$AL$73))
A6: 3 | B6: =COUNTIF(Сурагчид!$O$4:$O$73,A6) -> 0 | C6: =COUNTIFS(Сурагчид!$O$4:$O$73,A6,Сурагчид!$K$4:$K$73,"А") -> 0 | D6: =COUNTIFS(Сурагчид!$O$4:$O$73,A6,Сурагчид!$K$4:$K$73,"В") -> 0 | E6: =COUNTIFS(Сурагчид!$O$4:$O$73,A6,Сурагчид!$K$4:$K$73,"С") -> 0 | F6: =COUNTIFS(Сурагчид!$O$4:$O$73,A6,Сурагчид!$C$4:$C$73,6) -> 0 | G6: =COUNTIFS(Сурагчид!$O$4:$O$73,A6,Сурагчид!$C$4:$C$73,7) -> 0 | H6: =COUNTIFS(Сурагчид!$O$4:$O$73,A6,Сурагчид!$C$4:$C$73,8) -> 0 | I6: =COUNTIFS(Сурагчид!$O$4:$O$73,A6,Сурагчид!$C$4:$C$73,9) -> 0 | J6: =IFERROR(INDEX(Сурагчид!$B$4:$B$73,MATCH(A6,Сурагчид!$L$4:$L$73,0)),"") | K6: =IF(COUNTIFS('Долоо хоног'!$D$4:$D$73,A6,'Долоо хоног'!$AL$4:$AL$73,"<>")=0,"",AVERAGEIF('Долоо хоног'!$D$4:$D$73,A6,'Долоо хоног'!$AL$4:$AL$73))
A7: 4 | B7: =COUNTIF(Сурагчид!$O$4:$O$73,A7) -> 0 | C7: =COUNTIFS(Сурагчид!$O$4:$O$73,A7,Сурагчид!$K$4:$K$73,"А") -> 0 | D7: =COUNTIFS(Сурагчид!$O$4:$O$73,A7,Сурагчид!$K$4:$K$73,"В") -> 0 | E7: =COUNTIFS(Сурагчид!$O$4:$O$73,A7,Сурагчид!$K$4:$K$73,"С") -> 0 | F7: =COUNTIFS(Сурагчид!$O$4:$O$73,A7,Сурагчид!$C$4:$C$73,6) -> 0 | G7: =COUNTIFS(Сурагчид!$O$4:$O$73,A7,Сурагчид!$C$4:$C$73,7) -> 0 | H7: =COUNTIFS(Сурагчид!$O$4:$O$73,A7,Сурагчид!$C$4:$C$73,8) -> 0 | I7: =COUNTIFS(Сурагчид!$O$4:$O$73,A7,Сурагчид!$C$4:$C$73,9) -> 0 | J7: =IFERROR(INDEX(Сурагчид!$B$4:$B$73,MATCH(A7,Сурагчид!$L$4:$L$73,0)),"") | K7: =IF(COUNTIFS('Долоо хоног'!$D$4:$D$73,A7,'Долоо хоног'!$AL$4:$AL$73,"<>")=0,"",AVERAGEIF('Долоо хоног'!$D$4:$D$73,A7,'Долоо хоног'!$AL$4:$AL$73))
A8: 5 | B8: =COUNTIF(Сурагчид!$O$4:$O$73,A8) -> 0 | C8: =COUNTIFS(Сурагчид!$O$4:$O$73,A8,Сурагчид!$K$4:$K$73,"А") -> 0 | D8: =COUNTIFS(Сурагчид!$O$4:$O$73,A8,Сурагчид!$K$4:$K$73,"В") -> 0 | E8: =COUNTIFS(Сурагчид!$O$4:$O$73,A8,Сурагчид!$K$4:$K$73,"С") -> 0 | F8: =COUNTIFS(Сурагчид!$O$4:$O$73,A8,Сурагчид!$C$4:$C$73,6) -> 0 | G8: =COUNTIFS(Сурагчид!$O$4:$O$73,A8,Сурагчид!$C$4:$C$73,7) -> 0 | H8: =COUNTIFS(Сурагчид!$O$4:$O$73,A8,Сурагчид!$C$4:$C$73,8) -> 0 | I8: =COUNTIFS(Сурагчид!$O$4:$O$73,A8,Сурагчид!$C$4:$C$73,9) -> 0 | J8: =IFERROR(INDEX(Сурагчид!$B$4:$B$73,MATCH(A8,Сурагчид!$L$4:$L$73,0)),"") | K8: =IF(COUNTIFS('Долоо хоног'!$D$4:$D$73,A8,'Долоо хоног'!$AL$4:$AL$73,"<>")=0,"",AVERAGEIF('Долоо хоног'!$D$4:$D$73,A8,'Долоо хоног'!$AL$4:$AL$73))
A9: 6 | B9: =COUNTIF(Сурагчид!$O$4:$O$73,A9) -> 0 | C9: =COUNTIFS(Сурагчид!$O$4:$O$73,A9,Сурагчид!$K$4:$K$73,"А") -> 0 | D9: =COUNTIFS(Сурагчид!$O$4:$O$73,A9,Сурагчид!$K$4:$K$73,"В") -> 0 | E9: =COUNTIFS(Сурагчид!$O$4:$O$73,A9,Сурагчид!$K$4:$K$73,"С") -> 0 | F9: =COUNTIFS(Сурагчид!$O$4:$O$73,A9,Сурагчид!$C$4:$C$73,6) -> 0 | G9: =COUNTIFS(Сурагчид!$O$4:$O$73,A9,Сурагчид!$C$4:$C$73,7) -> 0 | H9: =COUNTIFS(Сурагчид!$O$4:$O$73,A9,Сурагчид!$C$4:$C$73,8) -> 0 | I9: =COUNTIFS(Сурагчид!$O$4:$O$73,A9,Сурагчид!$C$4:$C$73,9) -> 0 | J9: =IFERROR(INDEX(Сурагчид!$B$4:$B$73,MATCH(A9,Сурагчид!$L$4:$L$73,0)),"") | K9: =IF(COUNTIFS('Долоо хоног'!$D$4:$D$73,A9,'Долоо хоног'!$AL$4:$AL$73,"<>")=0,"",AVERAGEIF('Долоо хоног'!$D$4:$D$73,A9,'Долоо хоног'!$AL$4:$AL$73))
A10: 7 | B10: =COUNTIF(Сурагчид!$O$4:$O$73,A10) -> 0 | C10: =COUNTIFS(Сурагчид!$O$4:$O$73,A10,Сурагчид!$K$4:$K$73,"А") -> 0 | D10: =COUNTIFS(Сурагчид!$O$4:$O$73,A10,Сурагчид!$K$4:$K$73,"В") -> 0 | E10: =COUNTIFS(Сурагчид!$O$4:$O$73,A10,Сурагчид!$K$4:$K$73,"С") -> 0 | F10: =COUNTIFS(Сурагчид!$O$4:$O$73,A10,Сурагчид!$C$4:$C$73,6) -> 0 | G10: =COUNTIFS(Сурагчид!$O$4:$O$73,A10,Сурагчид!$C$4:$C$73,7) -> 0 | H10: =COUNTIFS(Сурагчид!$O$4:$O$73,A10,Сурагчид!$C$4:$C$73,8) -> 0 | I10: =COUNTIFS(Сурагчид!$O$4:$O$73,A10,Сурагчид!$C$4:$C$73,9) -> 0 | J10: =IFERROR(INDEX(Сурагчид!$B$4:$B$73,MATCH(A10,Сурагчид!$L$4:$L$73,0)),"") | K10: =IF(COUNTIFS('Долоо хоног'!$D$4:$D$73,A10,'Долоо хоног'!$AL$4:$AL$73,"<>")=0,"",AVERAGEIF('Долоо хоног'!$D$4:$D$73,A10,'Долоо хоног'!$AL$4:$AL$73))
A11: 8 | B11: =COUNTIF(Сурагчид!$O$4:$O$73,A11) -> 0 | C11: =COUNTIFS(Сурагчид!$O$4:$O$73,A11,Сурагчид!$K$4:$K$73,"А") -> 0 | D11: =COUNTIFS(Сурагчид!$O$4:$O$73,A11,Сурагчид!$K$4:$K$73,"В") -> 0 | E11: =COUNTIFS(Сурагчид!$O$4:$O$73,A11,Сурагчид!$K$4:$K$73,"С") -> 0 | F11: =COUNTIFS(Сурагчид!$O$4:$O$73,A11,Сурагчид!$C$4:$C$73,6) -> 0 | G11: =COUNTIFS(Сурагчид!$O$4:$O$73,A11,Сурагчид!$C$4:$C$73,7) -> 0 | H11: =COUNTIFS(Сурагчид!$O$4:$O$73,A11,Сурагчид!$C$4:$C$73,8) -> 0 | I11: =COUNTIFS(Сурагчид!$O$4:$O$73,A11,Сурагчид!$C$4:$C$73,9) -> 0 | J11: =IFERROR(INDEX(Сурагчид!$B$4:$B$73,MATCH(A11,Сурагчид!$L$4:$L$73,0)),"") | K11: =IF(COUNTIFS('Долоо хоног'!$D$4:$D$73,A11,'Долоо хоног'!$AL$4:$AL$73,"<>")=0,"",AVERAGEIF('Долоо хоног'!$D$4:$D$73,A11,'Долоо хоног'!$AL$4:$AL$73))
A12: 9 | B12: =COUNTIF(Сурагчид!$O$4:$O$73,A12) -> 0 | C12: =COUNTIFS(Сурагчид!$O$4:$O$73,A12,Сурагчид!$K$4:$K$73,"А") -> 0 | D12: =COUNTIFS(Сурагчид!$O$4:$O$73,A12,Сурагчид!$K$4:$K$73,"В") -> 0 | E12: =COUNTIFS(Сурагчид!$O$4:$O$73,A12,Сурагчид!$K$4:$K$73,"С") -> 0 | F12: =COUNTIFS(Сурагчид!$O$4:$O$73,A12,Сурагчид!$C$4:$C$73,6) -> 0 | G12: =COUNTIFS(Сурагчид!$O$4:$O$73,A12,Сурагчид!$C$4:$C$73,7) -> 0 | H12: =COUNTIFS(Сурагчид!$O$4:$O$73,A12,Сурагчид!$C$4:$C$73,8) -> 0 | I12: =COUNTIFS(Сурагчид!$O$4:$O$73,A12,Сурагчид!$C$4:$C$73,9) -> 0 | J12: =IFERROR(INDEX(Сурагчид!$B$4:$B$73,MATCH(A12,Сурагчид!$L$4:$L$73,0)),"") | K12: =IF(COUNTIFS('Долоо хоног'!$D$4:$D$73,A12,'Долоо хоног'!$AL$4:$AL$73,"<>")=0,"",AVERAGEIF('Долоо хоног'!$D$4:$D$73,A12,'Долоо хоног'!$AL$4:$AL$73))
A13: 10 | B13: =COUNTIF(Сурагчид!$O$4:$O$73,A13) -> 0 | C13: =COUNTIFS(Сурагчид!$O$4:$O$73,A13,Сурагчид!$K$4:$K$73,"А") -> 0 | D13: =COUNTIFS(Сурагчид!$O$4:$O$73,A13,Сурагчид!$K$4:$K$73,"В") -> 0 | E13: =COUNTIFS(Сурагчид!$O$4:$O$73,A13,Сурагчид!$K$4:$K$73,"С") -> 0 | F13: =COUNTIFS(Сурагчид!$O$4:$O$73,A13,Сурагчид!$C$4:$C$73,6) -> 0 | G13: =COUNTIFS(Сурагчид!$O$4:$O$73,A13,Сурагчид!$C$4:$C$73,7) -> 0 | H13: =COUNTIFS(Сурагчид!$O$4:$O$73,A13,Сурагчид!$C$4:$C$73,8) -> 0 | I13: =COUNTIFS(Сурагчид!$O$4:$O$73,A13,Сурагчид!$C$4:$C$73,9) -> 0 | J13: =IFERROR(INDEX(Сурагчид!$B$4:$B$73,MATCH(A13,Сурагчид!$L$4:$L$73,0)),"") | K13: =IF(COUNTIFS('Долоо хоног'!$D$4:$D$73,A13,'Долоо хоног'!$AL$4:$AL$73,"<>")=0,"",AVERAGEIF('Долоо хоног'!$D$4:$D$73,A13,'Долоо хоног'!$AL$4:$AL$73))
A14: 11 | B14: =COUNTIF(Сурагчид!$O$4:$O$73,A14) -> 0 | C14: =COUNTIFS(Сурагчид!$O$4:$O$73,A14,Сурагчид!$K$4:$K$73,"А") -> 0 | D14: =COUNTIFS(Сурагчид!$O$4:$O$73,A14,Сурагчид!$K$4:$K$73,"В") -> 0 | E14: =COUNTIFS(Сурагчид!$O$4:$O$73,A14,Сурагчид!$K$4:$K$73,"С") -> 0 | F14: =COUNTIFS(Сурагчид!$O$4:$O$73,A14,Сурагчид!$C$4:$C$73,6) -> 0 | G14: =COUNTIFS(Сурагчид!$O$4:$O$73,A14,Сурагчид!$C$4:$C$73,7) -> 0 | H14: =COUNTIFS(Сурагчид!$O$4:$O$73,A14,Сурагчид!$C$4:$C$73,8) -> 0 | I14: =COUNTIFS(Сурагчид!$O$4:$O$73,A14,Сурагчид!$C$4:$C$73,9) -> 0 | J14: =IFERROR(INDEX(Сурагчид!$B$4:$B$73,MATCH(A14,Сурагчид!$L$4:$L$73,0)),"") | K14: =IF(COUNTIFS('Долоо хоног'!$D$4:$D$73,A14,'Долоо хоног'!$AL$4:$AL$73,"<>")=0,"",AVERAGEIF('Долоо хоног'!$D$4:$D$73,A14,'Долоо хоног'!$AL$4:$AL$73))
A15: 12 | B15: =COUNTIF(Сурагчид!$O$4:$O$73,A15) -> 0 | C15: =COUNTIFS(Сурагчид!$O$4:$O$73,A15,Сурагчид!$K$4:$K$73,"А") -> 0 | D15: =COUNTIFS(Сурагчид!$O$4:$O$73,A15,Сурагчид!$K$4:$K$73,"В") -> 0 | E15: =COUNTIFS(Сурагчид!$O$4:$O$73,A15,Сурагчид!$K$4:$K$73,"С") -> 0 | F15: =COUNTIFS(Сурагчид!$O$4:$O$73,A15,Сурагчид!$C$4:$C$73,6) -> 0 | G15: =COUNTIFS(Сурагчид!$O$4:$O$73,A15,Сурагчид!$C$4:$C$73,7) -> 0 | H15: =COUNTIFS(Сурагчид!$O$4:$O$73,A15,Сурагчид!$C$4:$C$73,8) -> 0 | I15: =COUNTIFS(Сурагчид!$O$4:$O$73,A15,Сурагчид!$C$4:$C$73,9) -> 0 | J15: =IFERROR(INDEX(Сурагчид!$B$4:$B$73,MATCH(A15,Сурагчид!$L$4:$L$73,0)),"") | K15: =IF(COUNTIFS('Долоо хоног'!$D$4:$D$73,A15,'Долоо хоног'!$AL$4:$AL$73,"<>")=0,"",AVERAGEIF('Долоо хоног'!$D$4:$D$73,A15,'Долоо хоног'!$AL$4:$AL$73))
A16: 13 | B16: =COUNTIF(Сурагчид!$O$4:$O$73,A16) -> 0 | C16: =COUNTIFS(Сурагчид!$O$4:$O$73,A16,Сурагчид!$K$4:$K$73,"А") -> 0 | D16: =COUNTIFS(Сурагчид!$O$4:$O$73,A16,Сурагчид!$K$4:$K$73,"В") -> 0 | E16: =COUNTIFS(Сурагчид!$O$4:$O$73,A16,Сурагчид!$K$4:$K$73,"С") -> 0 | F16: =COUNTIFS(Сурагчид!$O$4:$O$73,A16,Сурагчид!$C$4:$C$73,6) -> 0 | G16: =COUNTIFS(Сурагчид!$O$4:$O$73,A16,Сурагчид!$C$4:$C$73,7) -> 0 | H16: =COUNTIFS(Сурагчид!$O$4:$O$73,A16,Сурагчид!$C$4:$C$73,8) -> 0 | I16: =COUNTIFS(Сурагчид!$O$4:$O$73,A16,Сурагчид!$C$4:$C$73,9) -> 0 | J16: =IFERROR(INDEX(Сурагчид!$B$4:$B$73,MATCH(A16,Сурагчид!$L$4:$L$73,0)),"") | K16: =IF(COUNTIFS('Долоо хоног'!$D$4:$D$73,A16,'Долоо хоног'!$AL$4:$AL$73,"<>")=0,"",AVERAGEIF('Долоо хоног'!$D$4:$D$73,A16,'Долоо хоног'!$AL$4:$AL$73))
A17: Нийт | B17: =SUM(B4:B16) -> 0 | C17: =SUM(C4:C16) -> 0 | D17: =SUM(D4:D16) -> 0 | E17: =SUM(E4:E16) -> 0 | F17: =SUM(F4:F16) -> 0 | G17: =SUM(G4:G16) -> 0 | H17: =SUM(H4:H16) -> 0 | I17: =SUM(I4:I16) -> 0
A18: Бүлэг бүр 5 орчим хүүхэдтэй, А/В/С холимог, нэг ангийн хүүхэд 3-аас ихгүй байвал зохимжтой.

Sheet Ахиц
A1: Ахицын тойм
A3: Үе | B3: Дундаж оноо /10 | C3: Дундаж хурд (үг/мин) | D3: Дундаж ЗУҮ | E3: А | F3: В | G3: С | H3: Тест өгсөн
A4: Эхлэл | B4: =IF(COUNT(Сурагчид!$G$4:$G$73)=0,"",AVERAGE(Сурагчид!$G$4:$G$73)) | C4: =IF(COUNT(Сурагчид!$D$4:$D$73)=0,"",AVERAGE(Сурагчид!$D$4:$D$73)) | D4: =IF(COUNT(Сурагчид!$H$4:$H$73)=0,"",AVERAGE(Сурагчид!$H$4:$H$73)) | E4: =COUNTIF(Сурагчид!$K$4:$K$73,"А") -> 0 | F4: =COUNTIF(Сурагчид!$K$4:$K$73,"В") -> 0 | G4: =COUNTIF(Сурагчид!$K$4:$K$73,"С") -> 0 | H4: =COUNT(Сурагчид!$G$4:$G$73) -> 0
A5: Хагас жил | B5: =IF(COUNT(Сурагчид!$T$4:$T$73)=0,"",AVERAGE(Сурагчид!$T$4:$T$73)) | C5: =IF(COUNT(Сурагчид!$Q$4:$Q$73)=0,"",AVERAGE(Сурагчид!$Q$4:$Q$73)) | D5: =IF(COUNT(Сурагчид!$U$4:$U$73)=0,"",AVERAGE(Сурагчид!$U$4:$U$73)) | E5: =COUNTIF(Сурагчид!$V$4:$V$73,"А") -> 0 | F5: =COUNTIF(Сурагчид!$V$4:$V$73,"В") -> 0 | G5: =COUNTIF(Сурагчид!$V$4:$V$73,"С") -> 0 | H5: =COUNT(Сурагчид!$T$4:$T$73) -> 0
A6: Эцэс | B6: =IF(COUNT(Сурагчид!$Z$4:$Z$73)=0,"",AVERAGE(Сурагчид!$Z$4:$Z$73)) | C6: =IF(COUNT(Сурагчид!$W$4:$W$73)=0,"",AVERAGE(Сурагчид!$W$4:$W$73)) | D6: =IF(COUNT(Сурагчид!$AA$4:$AA$73)=0,"",AVERAGE(Сурагчид!$AA$4:$AA$73)) | E6: =COUNTIF(Сурагчид!$AB$4:$AB$73,"А") -> 0 | F6: =COUNTIF(Сурагчид!$AB$4:$AB$73,"В") -> 0 | G6: =COUNTIF(Сурагчид!$AB$4:$AB$73,"С") -> 0 | H6: =COUNT(Сурагчид!$Z$4:$Z$73) -> 0
A8: Түвшин тус бүрийн хүүхдийн тоог «А, В, С» баганаас харна. Зорилт: А түвшний хүүхэд жилийн эцэст хоёр дахин цөөрөх.
A9: Түвшин тус бүрийн долоо хоногийн дундажийг «Долоо хоног» хуудасны доод мөрүүдээс харна.
